{
  "model_ready": true,
  "model_name": "Weak BIO + CRF",
  "organs": {
    "thyroid": {
      "name": "甲状腺",
      "model_path": "C:\\Users\\28128\\Desktop\\NLP\\models\\thyroid_sequence_ner.pkl",
      "train_count": 1719,
      "test_count": 492,
      "label_distribution": {
        "B-ORGAN": 2805,
        "I-ORGAN": 5005,
        "B-STATUS": 4334,
        "I-STATUS": 27157,
        "O": 53877,
        "B-BLOOD": 5342,
        "I-BLOOD": 37889,
        "B-LOCATION": 4756,
        "I-LOCATION": 9198,
        "B-LESION": 2131,
        "I-LESION": 8113,
        "B-ECHO": 1454,
        "I-ECHO": 4707,
        "B-MEASUREMENT": 2422,
        "I-MEASUREMENT": 9688,
        "B-BOUNDARY": 1468,
        "I-BOUNDARY": 4657,
        "B-SHAPE": 1771,
        "I-SHAPE": 5718,
        "B-SURGERY": 105,
        "I-SURGERY": 4151,
        "B-LYMPH": 99,
        "I-LYMPH": 1884
      },
      "weighted_f1": 0.9852,
      "classification_report": {
        "B-BLOOD": {
          "precision": 0.97556142668428,
          "recall": 0.9872994652406417,
          "f1-score": 0.9813953488372092,
          "support": 1496.0
        },
        "B-BOUNDARY": {
          "precision": 0.9929577464788732,
          "recall": 1.0,
          "f1-score": 0.9964664310954063,
          "support": 423.0
        },
        "B-ECHO": {
          "precision": 0.9832935560859188,
          "recall": 0.9832935560859188,
          "f1-score": 0.9832935560859188,
          "support": 419.0
        },
        "B-LESION": {
          "precision": 0.9887096774193549,
          "recall": 0.9903069466882067,
          "f1-score": 0.9895076674737692,
          "support": 619.0
        },
        "B-LOCATION": {
          "precision": 0.9961685823754789,
          "recall": 0.9954058192955589,
          "f1-score": 0.995787054768288,
          "support": 1306.0
        },
        "B-LYMPH": {
          "precision": 1.0,
          "recall": 1.0,
          "f1-score": 1.0,
          "support": 26.0
        },
        "B-MEASUREMENT": {
          "precision": 0.9886363636363636,
          "recall": 0.9942857142857143,
          "f1-score": 0.9914529914529915,
          "support": 700.0
        },
        "B-ORGAN": {
          "precision": 0.9939613526570048,
          "recall": 0.9903730445246691,
          "f1-score": 0.9921639541892706,
          "support": 831.0
        },
        "B-SHAPE": {
          "precision": 0.9941520467836257,
          "recall": 0.99609375,
          "f1-score": 0.9951219512195122,
          "support": 512.0
        },
        "B-STATUS": {
          "precision": 0.9991902834008097,
          "recall": 0.9983818770226537,
          "f1-score": 0.9987859166329421,
          "support": 1236.0
        },
        "B-SURGERY": {
          "precision": 0.9166666666666666,
          "recall": 1.0,
          "f1-score": 0.9565217391304348,
          "support": 22.0
        },
        "I-BLOOD": {
          "precision": 0.9908748824082785,
          "recall": 0.9893856847642307,
          "f1-score": 0.9901297236322617,
          "support": 10646.0
        },
        "I-BOUNDARY": {
          "precision": 0.993338267949667,
          "recall": 1.0,
          "f1-score": 0.9966580022279985,
          "support": 1342.0
        },
        "I-ECHO": {
          "precision": 0.9795471146822499,
          "recall": 0.9774052478134111,
          "f1-score": 0.9784750091207588,
          "support": 1372.0
        },
        "I-LESION": {
          "precision": 0.9814655172413793,
          "recall": 0.9789337919174549,
          "f1-score": 0.9801980198019802,
          "support": 2326.0
        },
        "I-LOCATION": {
          "precision": 0.9941882991088725,
          "recall": 0.9961180124223602,
          "f1-score": 0.9951522202831103,
          "support": 2576.0
        },
        "I-LYMPH": {
          "precision": 0.9842209072978304,
          "recall": 0.9072727272727272,
          "f1-score": 0.9441816461684012,
          "support": 550.0
        },
        "I-MEASUREMENT": {
          "precision": 0.9886201991465149,
          "recall": 0.9928571428571429,
          "f1-score": 0.9907341411261582,
          "support": 2800.0
        },
        "I-ORGAN": {
          "precision": 0.9945429740791268,
          "recall": 0.9918367346938776,
          "f1-score": 0.9931880108991825,
          "support": 1470.0
        },
        "I-SHAPE": {
          "precision": 0.9946332737030411,
          "recall": 0.9875666074600356,
          "f1-score": 0.9910873440285205,
          "support": 1689.0
        },
        "I-STATUS": {
          "precision": 0.9980769230769231,
          "recall": 0.9984609465178915,
          "f1-score": 0.9982688978649741,
          "support": 7797.0
        },
        "I-SURGERY": {
          "precision": 0.6994219653179191,
          "recall": 0.7159763313609467,
          "f1-score": 0.7076023391812866,
          "support": 845.0
        },
        "micro avg": {
          "precision": 0.9853142076502732,
          "recall": 0.9850498743994341,
          "f1-score": 0.9851820232941033,
          "support": 41003.0
        },
        "macro avg": {
          "precision": 0.974010364827281,
          "recall": 0.9759660636465199,
          "f1-score": 0.974825998419108,
          "support": 41003.0
        },
        "weighted avg": {
          "precision": 0.9854602621242364,
          "recall": 0.9850498743994341,
          "f1-score": 0.9852278615904706,
          "support": 41003.0
        }
      }
    },
    "mammary": {
      "name": "乳腺",
      "model_path": "C:\\Users\\28128\\Desktop\\NLP\\models\\mammary_sequence_ner.pkl",
      "train_count": 2458,
      "test_count": 703,
      "label_distribution": {
        "B-LOCATION": 8893,
        "I-LOCATION": 22709,
        "B-ORGAN": 6758,
        "I-ORGAN": 8653,
        "O": 76094,
        "B-STATUS": 3529,
        "I-STATUS": 27509,
        "B-ECHO": 794,
        "I-ECHO": 2956,
        "B-MEASUREMENT": 5110,
        "I-MEASUREMENT": 20509,
        "B-LESION": 2394,
        "I-LESION": 9593,
        "B-BOUNDARY": 1443,
        "I-BOUNDARY": 4493,
        "B-SHAPE": 1520,
        "I-SHAPE": 4793,
        "B-BLOOD": 3159,
        "I-BLOOD": 17608,
        "B-SURGERY": 378,
        "I-SURGERY": 9754,
        "B-LYMPH": 353,
        "I-LYMPH": 6384
      },
      "weighted_f1": 0.9923,
      "classification_report": {
        "B-BLOOD": {
          "precision": 0.9936507936507937,
          "recall": 0.9873817034700315,
          "f1-score": 0.990506329113924,
          "support": 951.0
        },
        "B-BOUNDARY": {
          "precision": 1.0,
          "recall": 0.9882352941176471,
          "f1-score": 0.9940828402366864,
          "support": 425.0
        },
        "B-ECHO": {
          "precision": 0.9826086956521739,
          "recall": 0.9826086956521739,
          "f1-score": 0.9826086956521739,
          "support": 230.0
        },
        "B-LESION": {
          "precision": 0.9956331877729258,
          "recall": 0.9898697539797395,
          "f1-score": 0.9927431059506531,
          "support": 691.0
        },
        "B-LOCATION": {
          "precision": 0.9968701095461658,
          "recall": 0.9976507439310884,
          "f1-score": 0.9972602739726028,
          "support": 2554.0
        },
        "B-LYMPH": {
          "precision": 1.0,
          "recall": 1.0,
          "f1-score": 1.0,
          "support": 84.0
        },
        "B-MEASUREMENT": {
          "precision": 0.9960343688037012,
          "recall": 0.9966931216931217,
          "f1-score": 0.9963636363636363,
          "support": 1512.0
        },
        "B-ORGAN": {
          "precision": 0.997421351211965,
          "recall": 0.9989669421487604,
          "f1-score": 0.9981935483870967,
          "support": 1936.0
        },
        "B-SHAPE": {
          "precision": 1.0,
          "recall": 0.9931818181818182,
          "f1-score": 0.9965792474344356,
          "support": 440.0
        },